warehouseName,inventory,orders,warehouseCap,availableCap,shipDurationAvg
North,131688,23526,182900,51212,3.91229600
East,219183,33817,327138,107955,3.97834865
South,79380,20654,105840,26460,4.24122609
West,124880,21401,249760,124880,3.52144167
